direction,xPosAtMaxHeight,impactPos
left,390.46875,302.359375
left,390.46875,302.359375
left,390.46875,302.359375
left,390.46875,303.96875
left,390.46875,302.359375
right,390.46875,302.359375
